SNP,Q_statistic,p.value,Qsum,Qdif
rs11708067,7.23221089588433,0.00716069680960552,7.23221089588433,-40.9809656840818
rs857691,5.30852592234233,0.0212213045534406,12.5407368182267,-35.6724397617394
rs10774625,5.149660341153,0.023250920713406,17.6903971593797,-30.5227794205864
rs1558902,4.46517114137051,0.0345926241464587,22.1555683007502,-26.0576082792159
