SNP,Q_statistic,p.value,Qsum,Qdif
rs10774625,24.1842187051291,8.75467233173281e-07,24.1842187051291,-69.6630535640373
rs9914988,20.0632051556815,7.49243859084664e-06,44.2474238608106,-49.5998484083558
rs560887,10.1815946954167,0.0014184944726336,54.4290185562273,-39.4182537129391
rs4783565,7.85697223070669,0.0050625098623584,62.285990786934,-31.5612814822324
rs12621844,4.18471723061602,0.0407900168091292,66.4707080175501,-27.3765642516164
rs8192675,3.92245758312641,0.0476451817706217,70.3931656006765,-23.45410666849
