SNP,Q_statistic,p.value,Qsum,Qdif
rs11964178,14.7826976558815,0.000120637325461788,14.7826976558815,-68.5608668690511
rs174577,8.40058852401001,0.00375099552043817,23.1832861798915,-60.1602783450411
rs267738,7.33357423489924,0.00676783404485468,30.5168604147907,-52.8267041101419
rs4745982,6.7478328929242,0.00938616216135675,37.2646933077149,-46.0788712172177
rs12621844,5.13709663802531,0.0234197835630727,42.4017899457402,-40.9417745791924
rs17509001,5.11534440018231,0.0237151587058291,47.5171343459226,-35.8264301790101
rs11558471,4.75279545090801,0.0292507391630905,52.2699297968306,-31.073634728102
rs4783565,4.16583020905921,0.0412471940074474,56.4357600058898,-26.9078045190428
